,Avg_temp,Max_temp,Min_temp,Avg_relative_humidity,Avg_visibility,Avg_wind_speed,Max_wind_speed,PM10
0,20.1,28.4,15.7,54.0,6.0,3.0,5.4,106.0
1,20.8,28.3,12.9,45.0,6.3,1.1,5.4,97.4
2,21.4,29.0,13.7,45.0,6.3,0.4,3.5,105.33
3,21.0,28.7,17.0,65.0,6.3,3.1,5.4,74.04
4,20.4,27.6,16.2,61.0,5.5,1.3,5.4,63.57
5,20.7,28.4,15.1,47.0,6.3,0.9,3.5,73.78
6,20.3,28.5,15.7,51.0,6.3,0.7,3.5,73.78
7,21.1,27.2,15.0,51.0,6.3,3.5,5.4,73.78
8,20.6,28.2,15.2,58.0,6.3,3.1,5.4,73.78
9,21.4,28.4,17.8,73.0,4.8,3.0,5.4,46.09
10,21.2,25.9,19.4,88.0,4.0,1.3,3.5,32.87
11,22.6,27.4,19.0,78.0,5.3,2.8,7.6,70.85
12,22.9,29.2,18.5,70.0,5.5,2.6,7.6,95.43
13,23.1,28.9,18.9,68.0,6.3,0.9,3.5,100.45
14,23.4,29.3,19.0,66.0,4.8,1.1,3.5,81.11
15,23.1,30.7,16.4,43.0,6.3,1.5,5.4,240.22
16,23.3,31.4,16.4,36.0,6.9,0.9,3.5,209.88
17,23.7,31.9,16.3,35.0,6.9,0.9,3.5,227.64
18,23.6,32.2,16.2,44.0,6.3,1.5,5.4,257.84
19,23.2,31.2,17.3,61.0,5.6,1.1,3.5,320.42
20,25.2,30.5,19.2,50.0,6.9,1.5,37.0,136.93
21,24.3,31.7,18.6,50.0,6.3,0.4,3.5,224.42
22,24.8,31.9,19.5,49.0,5.5,2.4,3.5,165.65
23,24.0,32.1,19.0,48.0,6.3,2.2,5.4,143.58
24,23.1,31.2,17.3,54.0,6.6,2.8,5.4,121.61
25,24.8,29.9,18.0,44.0,6.9,1.3,3.5,160.21
26,26.2,32.5,19.6,50.0,6.9,1.9,3.5,106.25
27,26.9,33.2,20.2,50.0,7.4,0.6,3.5,85.61
28,26.4,33.4,22.3,59.0,5.5,3.0,5.4,124.97
29,24.9,33.5,20.5,58.0,6.3,2.4,5.4,136.22
30,24.9,31.3,18.7,51.0,6.9,2.4,5.4,131.56
31,24.6,30.7,18.9,55.0,6.9,2.8,5.4,178.67
32,24.6,31.5,19.7,52.0,6.9,2.8,5.4,178.67
33,25.3,31.7,19.6,49.0,6.3,3.1,5.4,178.67
34,25.4,33.4,18.7,46.0,6.9,1.9,3.5,178.67
35,25.7,33.2,18.8,43.0,6.3,1.5,5.4,139.65
36,26.7,34.3,19.5,44.0,6.9,0.6,3.5,148.97
37,27.8,35.4,22.7,57.0,6.3,2.4,5.4,137.48
38,28.3,34.3,24.4,58.0,5.5,3.9,7.6,160.44
39,26.2,34.4,22.4,66.0,6.3,2.2,3.5,148.39
40,29.0,35.2,23.3,46.0,7.4,3.1,3.5,208.1
41,28.8,35.4,23.5,41.0,6.9,0.4,3.5,186.95
42,29.2,36.0,24.7,45.0,6.9,1.1,3.5,150.38
43,27.8,35.8,22.8,40.0,6.9,3.0,5.4,182.49
44,27.7,35.0,21.2,33.0,6.9,1.3,3.5,167.65
45,27.8,35.1,20.7,33.0,6.9,2.8,5.4,174.52
46,28.0,35.0,23.0,44.0,6.9,1.3,3.5,154.44
47,28.3,34.8,23.2,43.0,7.7,0.4,3.5,146.6
48,28.4,35.3,23.5,46.0,6.9,1.1,3.5,146.6
49,28.6,35.5,23.8,46.0,6.9,2.2,5.4,195.21
50,29.0,35.4,24.3,53.0,7.4,1.9,5.4,215.5
51,28.7,36.3,23.1,60.0,6.9,1.3,3.5,769.09
52,28.6,35.3,24.5,55.0,6.9,2.8,3.5,199.27
53,30.4,37.2,25.1,50.0,6.9,2.8,7.6,210.14
54,31.2,37.0,25.4,45.0,6.9,2.2,7.6,258.7
55,30.7,37.4,25.8,49.0,7.7,3.0,5.4,229.52
56,29.8,36.6,24.6,51.0,6.9,2.4,5.4,172.76
57,30.4,36.8,24.8,49.0,6.9,2.8,5.4,182.61
58,30.3,37.0,24.3,46.0,6.9,3.1,7.6,135.76
59,27.5,39.2,23.2,64.0,6.9,1.1,5.4,107.34
60,29.0,37.1,22.8,48.0,7.7,1.5,5.4,79.47
61,29.6,35.5,23.4,39.0,6.9,2.2,7.6,79.47
62,30.5,36.6,24.4,41.0,6.9,1.3,3.5,79.47
63,29.3,37.3,24.7,51.0,6.9,3.0,5.4,79.47
64,29.8,36.6,24.5,47.0,7.7,2.2,3.5,79.47
65,27.2,34.6,21.0,62.0,6.3,0.7,5.4,79.47
66,25.6,33.7,21.4,72.0,6.3,3.1,9.4,79.47
67,27.4,34.0,21.0,58.0,6.9,0.4,3.5,79.47
68,28.3,34.6,22.3,57.0,6.9,0.2,1.9,79.47
69,28.9,34.6,23.5,58.0,6.9,0.9,3.5,79.47
70,28.8,35.1,24.6,51.0,6.9,0.0,7.6,79.47
71,24.6,28.9,20.0,78.0,6.9,3.9,5.4,79.47
72,25.3,30.0,19.6,78.0,6.9,5.6,9.4,79.47
73,26.1,32.2,20.9,70.0,6.6,5.0,7.6,79.47
74,27.6,34.0,22.8,63.0,6.9,4.8,7.6,79.47
75,27.9,33.2,22.2,63.0,6.9,3.7,7.6,79.47
76,26.5,33.8,23.2,70.0,6.9,3.0,7.6,79.47
77,25.3,31.2,22.2,76.0,6.9,3.9,7.6,79.47
78,25.4,31.5,21.5,75.0,6.9,5.0,7.6,79.47
79,24.4,33.3,21.0,82.0,6.9,3.9,5.4,79.47
80,25.5,30.2,21.0,78.0,6.9,3.9,7.6,79.47
81,25.7,31.4,21.6,79.0,6.9,3.5,5.4,79.47
82,24.5,30.9,22.0,81.0,6.3,5.2,7.6,79.47
83,24.6,30.4,21.4,77.0,7.7,5.2,7.6,79.47
84,22.5,29.6,20.6,86.0,6.9,5.6,7.6,79.47
85,23.6,27.7,20.1,75.0,6.9,5.6,11.1,79.47
86,23.7,29.2,20.7,74.0,6.9,4.6,11.1,79.47
87,23.7,28.2,20.8,78.0,6.9,4.1,7.6,101.5
88,23.3,29.9,20.0,82.0,6.3,5.0,7.6,88.71
89,22.7,28.5,20.4,82.0,6.9,4.6,7.6,53.44
90,21.2,27.5,19.3,85.0,6.3,5.9,7.6,53.44
91,23.3,26.5,19.7,78.0,6.9,5.6,7.6,53.44
92,22.5,28.2,20.8,84.0,6.9,5.7,7.6,94.72
93,23.2,27.6,20.2,80.0,6.3,8.3,11.1,78.57
94,23.8,28.2,19.9,76.0,6.9,8.1,11.1,78.57
95,23.6,28.8,20.2,78.0,6.3,9.1,11.1,85.64
96,23.6,26.7,20.3,78.0,6.3,8.7,11.1,85.64
97,22.7,27.4,20.6,85.0,5.5,8.1,11.1,114.7
98,22.1,26.4,20.1,83.0,5.5,9.1,14.8,94.22
99,23.8,28.1,20.1,71.0,7.4,10.9,18.3,94.22
100,25.0,29.5,19.7,70.0,6.9,6.1,11.1,72.8
101,24.8,30.7,21.5,73.0,6.9,4.8,7.6,39.63
102,22.9,28.3,20.0,77.0,6.3,4.1,7.6,39.63
103,22.6,28.4,20.1,81.0,6.3,5.0,7.6,39.63
104,21.9,27.7,19.6,82.0,7.7,5.7,11.1,20.17
105,23.9,29.0,20.4,81.0,6.9,4.6,9.4,116.24
106,23.3,30.3,20.1,84.0,6.3,3.1,5.4,116.24
107,24.1,29.1,20.7,82.0,6.3,3.3,7.6,116.24
108,22.4,26.0,19.4,82.0,6.9,6.1,7.6,140.29
109,22.2,27.0,19.8,78.0,6.3,7.4,11.1,73.85
110,22.9,27.2,19.3,71.0,8.5,8.3,11.1,111.0
111,22.1,27.6,19.1,76.0,6.9,9.8,14.8,76.22
112,23.3,28.3,20.0,75.0,6.9,7.0,9.4,76.22
113,23.5,28.2,20.0,76.0,6.9,8.0,11.1,76.22
114,23.8,27.8,20.5,73.0,7.7,6.7,11.1,76.22
115,24.0,29.0,20.6,77.0,6.3,5.9,11.1,76.22
116,22.9,28.2,20.0,77.0,6.9,4.1,5.4,93.45
117,23.5,28.8,19.5,74.0,7.7,5.9,9.4,61.03
118,23.9,29.0,20.3,71.0,6.9,6.7,9.4,16.95
119,24.4,30.2,20.4,71.0,6.9,5.0,9.4,13.83
120,24.3,30.1,20.4,74.0,6.9,4.1,5.4,11.7
121,23.1,29.3,21.0,77.0,6.3,4.1,7.6,59.83
122,23.8,28.2,19.9,76.0,5.5,6.9,11.1,53.29
123,23.3,28.7,21.2,79.0,6.9,5.0,7.6,67.14
124,22.4,27.2,20.4,87.0,5.5,5.4,7.6,50.57
125,23.2,26.6,20.0,82.0,7.4,5.0,7.6,47.98
126,22.6,26.7,20.6,82.0,6.3,5.2,7.6,72.25
127,23.7,27.2,20.4,75.0,6.9,6.1,11.1,75.39
128,23.1,27.2,18.8,69.0,7.7,4.3,5.4,52.55
129,23.9,28.6,19.3,67.0,6.9,5.0,7.6,67.71
130,24.3,29.4,20.4,69.0,6.3,4.1,7.6,55.53
131,23.6,26.5,20.5,75.0,6.3,5.2,7.6,49.32
132,23.8,27.8,20.4,76.0,6.9,4.6,5.4,44.41
133,22.9,28.6,20.5,79.0,6.3,5.6,9.4,40.55
134,24.4,29.0,19.8,68.0,6.9,6.3,11.1,49.4
135,23.2,30.6,19.7,71.0,6.9,6.7,9.4,42.94
136,22.7,27.4,20.2,76.0,6.9,7.4,11.1,33.53
137,22.6,25.8,19.8,79.0,5.5,5.0,9.4,129.15
138,24.1,28.0,20.5,76.0,6.9,5.0,7.6,117.21
139,24.3,28.6,20.9,75.0,7.4,6.9,11.1,99.21
140,23.2,29.7,19.6,72.0,6.3,4.6,7.6,101.54
141,23.6,29.5,18.8,68.0,6.3,3.7,7.6,105.0
142,25.3,30.7,20.3,64.0,5.5,3.5,5.4,124.43
143,24.6,31.6,19.7,60.0,6.3,3.0,5.4,144.32
144,24.6,30.6,19.8,65.0,6.3,5.2,7.6,89.02
145,23.9,31.3,19.6,70.0,6.3,5.0,5.4,83.63
146,23.6,29.3,20.1,72.0,5.3,1.5,3.5,60.37
147,24.8,29.0,21.0,59.0,6.9,1.3,3.5,60.37
148,23.9,30.6,19.4,54.0,6.9,1.9,3.5,159.04
149,25.0,31.2,18.7,48.0,6.9,0.9,3.5,188.65
150,24.6,31.1,19.1,50.0,6.9,1.5,3.5,184.07
151,24.9,31.2,19.1,50.0,6.3,2.8,3.5,200.59
152,24.8,31.3,19.8,49.0,6.3,0.9,3.5,219.99
153,24.2,31.0,18.4,52.0,6.9,0.7,5.4,114.52
154,25.2,30.8,19.4,45.0,7.4,1.1,3.5,152.51
155,24.5,30.7,20.1,68.0,6.3,4.1,5.4,96.52
156,23.7,30.6,20.8,72.0,5.5,2.2,7.6,96.52
157,24.1,29.1,20.1,66.0,6.3,2.2,3.5,141.99
158,25.2,30.0,20.9,61.0,6.9,2.6,7.6,110.82
159,24.0,31.5,18.7,49.0,6.9,2.2,3.5,110.5
160,23.4,30.6,18.8,48.0,6.9,3.0,7.6,117.23
161,22.5,30.3,17.7,49.0,6.9,2.8,7.6,120.37
163,24.1,30.9,20.4,68.0,5.5,4.3,5.4,73.28
164,24.6,30.1,20.3,61.0,6.9,2.6,7.6,56.37
165,24.3,30.4,19.6,65.0,6.9,3.7,7.6,126.83
166,23.3,29.7,18.4,57.0,6.9,3.1,5.4,126.83
167,22.9,30.5,18.1,47.0,6.9,3.5,5.4,185.22
168,22.9,31.0,16.6,40.0,7.7,2.8,3.5,137.33
169,23.4,31.5,15.9,33.0,7.4,2.2,5.4,161.43
170,22.6,31.5,15.0,39.0,6.9,0.9,3.5,172.52
171,23.0,32.5,14.2,39.0,6.3,1.3,3.5,178.47
172,21.6,30.0,17.6,58.0,6.9,3.0,3.5,134.86
173,21.0,26.9,18.0,86.0,5.5,2.0,5.4,76.48
174,21.1,26.9,18.9,88.0,6.3,4.1,5.4,109.13
175,22.1,28.0,15.0,59.0,6.3,2.4,5.4,133.64
176,22.8,29.0,18.4,61.0,6.6,1.9,5.4,131.15
177,22.6,29.5,16.2,42.0,6.9,1.9,3.5,134.21
178,18.9,25.0,17.7,97.0,4.0,4.3,5.4,134.21
179,20.3,22.0,18.6,90.0,4.0,3.9,5.4,175.89
180,21.8,26.5,17.9,70.0,6.3,3.7,7.6,143.95
181,22.0,28.9,16.7,57.0,6.3,2.8,5.4,146.94
182,21.8,29.4,15.6,67.0,6.9,3.5,5.4,119.26
183,22.6,29.0,17.7,63.0,5.8,1.3,3.5,96.33
184,20.6,30.5,14.7,62.0,6.0,2.2,3.5,147.35
185,21.8,29.0,14.8,46.0,5.8,1.5,3.5,118.6
186,21.5,30.4,14.9,42.0,6.0,3.0,5.4,109.82
188,21.0,27.6,14.6,61.0,6.0,2.2,3.5,104.76
189,21.6,27.7,17.0,59.0,6.8,2.0,3.5,105.95
190,22.3,29.0,16.1,48.0,6.9,2.8,3.5,105.76
191,20.9,29.0,16.0,66.0,5.5,2.2,3.5,139.3
192,20.9,27.8,16.0,62.0,6.3,3.0,5.4,124.97
193,21.0,28.5,15.0,58.0,6.8,3.0,5.4,136.18
194,21.2,28.0,16.9,66.0,5.5,2.2,3.5,110.61
195,20.7,28.3,17.2,61.0,6.3,2.2,3.5,110.61
196,20.7,27.2,15.5,61.0,6.3,3.3,5.4,110.61
197,20.4,28.2,15.8,64.0,6.3,2.8,7.6,103.49
198,21.7,27.6,15.3,64.0,6.3,3.5,5.4,117.11
199,21.7,28.9,18.5,68.0,6.3,5.2,11.1,101.9
200,22.6,30.3,16.7,52.0,6.3,3.1,5.4,115.15
201,21.9,29.2,18.3,75.0,4.0,3.7,7.6,108.39
202,22.1,26.0,19.7,79.0,6.3,3.5,5.4,84.71
203,23.9,31.7,18.2,54.0,6.9,2.8,7.6,80.39
204,23.1,32.0,16.0,46.0,6.9,3.3,3.5,81.73
205,23.5,31.5,16.4,40.0,7.7,3.1,3.5,82.83
206,22.7,31.7,16.7,50.0,6.9,3.1,5.4,94.46
207,23.9,30.9,16.1,36.0,6.9,3.1,5.4,102.99
208,23.8,32.2,16.6,37.0,6.3,3.0,7.6,92.4
209,23.4,32.0,15.8,35.0,6.9,3.1,5.4,102.36
210,22.1,29.6,15.8,54.0,6.9,4.3,5.4,72.32
211,22.6,28.8,17.4,61.0,6.3,3.5,5.4,70.51
212,23.1,29.0,17.3,45.0,6.9,3.9,5.4,78.82
213,23.7,31.2,16.8,42.0,6.9,1.5,5.4,107.97
214,24.6,31.8,17.7,38.0,6.3,1.9,3.5,117.85
215,25.9,33.4,19.3,41.0,6.3,2.4,5.4,125.03
216,26.7,35.5,19.0,31.0,5.5,1.9,3.5,86.26
217,25.8,34.9,20.0,41.0,6.9,3.3,5.4,90.68
218,24.3,33.3,19.1,36.0,6.9,4.3,9.4,85.35
219,24.2,32.5,16.9,29.0,6.9,3.3,7.6,95.07
220,24.4,32.0,15.7,33.0,6.9,3.9,5.4,83.99
221,25.8,32.0,18.2,43.0,6.9,3.0,5.4,91.47
222,26.2,33.1,21.5,60.0,6.9,3.0,5.4,81.42
223,25.6,33.8,21.1,62.0,6.9,0.4,3.5,86.62
224,26.7,32.5,21.2,54.0,6.9,2.8,5.4,95.11
225,26.6,34.3,22.2,57.0,6.9,3.3,3.5,59.01
226,25.2,34.0,22.0,67.0,6.9,3.1,5.4,71.33
227,25.3,30.4,20.8,57.0,6.9,3.9,7.6,63.24
228,28.0,35.0,22.4,45.0,6.9,3.1,5.4,80.9
229,28.0,36.0,23.2,48.0,6.9,3.0,5.4,52.97
230,27.4,34.8,22.4,49.0,6.9,2.4,3.5,94.31
231,28.1,35.6,20.6,25.0,6.9,1.9,3.5,112.87
232,28.6,37.2,21.6,28.0,6.9,2.8,5.4,117.85
233,28.3,36.1,21.2,28.0,6.9,2.4,5.4,115.52
234,29.2,35.4,22.1,30.0,6.9,2.8,5.4,96.81
235,28.6,35.8,22.5,34.0,6.9,2.8,5.4,108.74
236,28.9,36.3,21.9,40.0,6.9,3.1,3.5,103.27
237,29.4,35.6,23.5,39.0,6.9,3.9,5.4,106.14
238,28.6,35.5,22.5,49.0,6.9,3.0,5.4,81.29
239,30.1,36.0,24.5,39.0,6.9,3.5,5.4,103.36
240,29.4,36.5,24.4,43.0,8.5,3.5,3.5,88.21
241,29.3,37.0,24.0,31.0,6.9,1.9,3.5,105.05
242,28.8,36.5,23.2,36.0,6.9,4.1,7.6,104.14
243,29.0,35.6,22.6,38.0,6.9,3.9,5.4,104.16
244,28.9,35.6,23.5,53.0,6.9,4.1,5.4,82.71
245,26.6,35.7,23.0,65.0,6.9,4.3,7.6,53.56
246,26.9,35.2,21.7,60.0,6.3,4.4,5.4,80.09
247,27.5,37.0,22.6,53.0,6.9,4.8,7.6,42.03
248,28.7,37.0,22.5,47.0,6.9,1.3,3.5,121.81
249,29.1,35.6,24.0,48.0,6.9,3.0,5.4,97.25
250,26.8,35.6,20.5,48.0,6.9,3.9,9.4,79.21
251,27.6,35.1,22.3,49.0,6.9,3.3,7.6,79.82
252,28.2,34.2,23.3,51.0,6.9,2.8,3.5,86.55
253,27.3,36.6,21.0,55.0,6.3,3.1,7.6,74.7
254,26.9,37.0,20.8,59.0,6.9,2.8,3.5,55.42
255,26.0,33.2,22.5,67.0,6.9,3.1,7.6,56.42
256,28.1,33.0,23.7,60.0,6.9,2.0,5.4,74.89
257,27.1,33.8,22.5,63.0,6.9,5.0,7.6,70.19
258,27.1,35.0,21.8,58.0,6.3,6.9,18.3,50.06
259,26.2,35.5,19.4,67.0,6.9,4.3,7.6,47.27
260,26.8,33.7,20.2,61.0,6.9,4.8,9.4,67.37
261,26.1,35.1,19.9,70.0,6.9,4.6,7.6,50.16
262,27.6,34.0,21.9,67.0,8.5,4.3,7.6,61.32
263,26.2,33.3,21.0,75.0,6.9,6.1,9.4,67.45
264,23.1,33.1,20.0,84.0,6.3,5.0,7.6,44.54
265,24.9,31.2,20.8,74.0,6.9,6.3,9.4,38.24
266,26.1,31.5,20.8,69.0,6.9,4.4,5.4,60.23
267,26.4,32.1,21.8,70.0,6.9,6.3,9.4,59.74
268,25.7,32.4,22.0,70.0,6.9,6.3,7.6,57.36
269,23.9,31.2,22.0,71.0,6.9,7.4,9.4,33.1
270,25.0,29.6,21.5,67.0,6.9,7.4,9.4,72.68
271,23.4,29.6,21.1,77.0,6.9,8.1,14.8,81.4
272,24.2,27.5,20.7,78.0,6.9,7.2,9.4,84.58
273,25.8,29.7,22.0,66.0,6.9,7.4,11.1,93.93
274,25.1,31.2,21.5,67.0,6.9,7.0,9.4,111.46
275,23.4,29.0,20.0,76.0,6.9,5.2,9.4,90.29
276,24.2,28.0,21.0,83.0,6.9,5.7,7.6,88.15
277,24.6,29.0,20.8,75.0,6.9,7.8,9.4,114.13
278,23.8,29.4,20.6,77.0,6.9,8.9,14.8,87.56
279,24.2,29.0,20.4,71.0,7.4,11.9,18.3,97.61
280,23.6,29.5,20.4,73.0,7.4,10.9,14.8,110.49
281,24.6,29.0,19.3,69.0,6.9,8.0,11.1,131.84
282,25.2,29.7,20.5,66.0,6.9,7.2,11.1,109.33
283,23.8,29.9,20.9,76.0,6.9,7.6,14.8,89.89
284,23.2,29.3,20.5,79.0,6.9,3.9,5.4,53.29
285,23.2,27.4,20.4,78.0,6.9,4.4,7.6,120.73
286,24.4,28.2,20.2,68.0,6.9,5.0,9.4,108.35
287,22.9,28.5,20.0,75.0,7.4,7.6,51.9,96.21
288,22.9,27.0,20.0,73.0,6.9,9.4,14.8,96.86
289,22.2,27.2,20.2,80.0,6.9,11.1,14.8,112.99
290,22.2,26.6,20.6,87.0,6.9,10.2,14.8,67.51
291,23.5,26.7,20.6,66.0,6.9,9.1,11.1,87.44
292,23.8,28.7,19.7,74.0,6.9,8.1,11.1,104.78
293,25.2,30.3,20.5,65.0,6.9,7.2,9.4,98.1
294,25.4,30.5,20.5,64.0,6.9,9.1,14.8,106.37
295,24.4,30.2,20.5,71.0,6.9,8.3,14.8,94.22
296,24.9,30.7,22.0,75.0,5.8,3.0,7.6,91.66
297,25.2,30.5,21.4,67.0,6.9,4.8,11.1,85.75
298,25.0,31.5,21.6,69.0,6.9,5.7,9.4,89.59
299,24.3,31.2,20.3,72.0,6.9,8.9,14.8,73.97
300,25.7,30.2,21.2,65.0,6.3,7.2,11.1,88.46
301,25.8,31.2,22.0,66.0,6.9,5.0,14.8,102.47
302,23.8,31.3,21.5,79.0,6.9,5.6,11.1,90.31
303,23.3,27.6,21.2,75.0,6.3,2.8,5.4,116.98
304,24.8,27.6,21.6,67.0,6.9,1.9,5.4,115.95
305,22.3,28.3,19.2,84.0,6.9,2.2,7.6,64.23
306,22.6,28.9,20.3,84.0,6.3,6.7,14.8,50.87
307,22.3,28.6,20.3,86.0,6.9,8.1,11.1,63.7
308,23.6,27.0,20.3,78.0,6.9,7.0,9.4,88.29
309,22.8,26.8,20.5,86.0,4.8,6.3,9.4,50.7
310,23.8,28.0,20.8,77.0,6.9,9.1,11.1,70.57
311,22.3,28.5,21.0,89.0,4.8,7.6,14.8,48.4
312,24.9,29.0,20.5,73.0,6.4,4.8,9.4,116.25
313,23.7,30.6,19.8,84.0,6.3,4.1,7.6,89.68
314,22.6,27.8,20.8,92.0,4.8,1.9,5.4,81.99
315,23.2,27.3,19.9,87.0,5.5,3.7,7.6,59.57
316,24.1,28.5,21.3,83.0,6.3,1.9,3.5,103.57
317,23.9,30.0,20.5,82.0,6.3,2.0,11.1,70.58
318,23.6,28.2,20.0,82.0,6.8,2.0,5.4,84.64
319,25.3,31.0,22.2,72.0,6.9,4.6,7.6,109.74
320,24.8,30.6,21.0,75.0,6.9,5.9,11.1,87.87
321,23.7,31.1,21.0,78.0,6.9,6.3,7.6,76.2
322,23.1,27.2,20.4,75.0,6.3,11.7,14.8,88.08
323,23.2,27.7,19.4,68.0,6.9,10.9,18.3,81.38
324,22.8,28.5,19.3,80.0,6.3,10.0,14.8,62.33
325,22.8,29.0,19.4,81.0,6.3,3.3,5.4,53.02
326,23.8,27.2,20.6,78.0,6.9,3.9,9.4,78.39
327,21.9,28.1,20.0,91.0,5.5,4.1,7.6,46.48
328,23.1,27.4,20.7,85.0,6.3,4.3,7.6,60.88
329,23.3,28.4,19.4,82.0,6.3,3.1,5.4,55.0
330,24.9,28.0,20.6,74.0,6.9,4.3,7.6,77.03
331,23.7,29.0,21.2,84.0,5.5,1.1,5.4,85.86
332,24.6,28.8,21.3,80.0,6.9,3.0,7.6,70.52
333,24.8,29.0,21.5,80.0,6.6,3.1,37.0,80.28
334,22.9,27.5,20.5,87.0,5.3,2.4,5.4,48.3
335,22.1,27.6,19.8,93.0,3.7,1.9,9.4,43.58
336,22.3,25.6,19.6,85.0,5.3,6.5,7.6,47.65
337,23.7,29.0,20.1,67.0,6.0,1.3,3.5,191.21
338,24.4,29.8,20.4,67.0,6.3,3.1,7.6,264.19
339,24.8,30.6,20.4,66.0,6.3,3.1,7.6,134.16
340,25.2,31.3,20.8,64.0,6.3,2.4,5.4,123.25
341,23.7,29.6,21.0,68.0,7.7,2.4,5.4,88.81
342,23.9,28.8,20.2,68.0,6.9,2.0,5.4,87.96
343,22.2,26.7,19.4,71.0,6.9,5.6,7.6,93.16
344,21.7,25.0,19.9,78.0,6.9,5.0,7.6,37.3
345,22.9,26.6,18.8,66.0,6.9,3.7,7.6,47.9
346,23.2,27.8,19.3,66.0,6.9,3.1,7.6,107.97
347,21.5,25.6,19.2,87.0,6.9,3.0,5.4,77.33
348,22.0,26.0,18.3,80.0,6.9,2.2,7.6,43.96
349,22.5,27.2,18.6,64.0,6.3,3.9,5.4,99.26
350,23.6,28.2,19.3,65.0,6.3,4.1,7.6,80.35
351,23.5,29.1,19.4,74.0,6.9,0.9,5.4,79.89
352,24.4,28.7,21.0,74.0,6.3,2.0,7.6,77.34
353,24.1,30.0,20.5,71.0,6.3,2.8,5.4,80.84
354,24.2,29.0,20.7,70.0,6.3,3.5,5.4,82.87
355,23.8,29.6,20.2,70.0,6.3,3.9,5.4,48.27
356,22.7,30.0,18.6,65.0,5.8,5.0,7.6,101.56
357,22.2,28.0,17.4,76.0,6.0,4.1,5.4,87.59
358,22.4,26.8,19.2,78.0,6.0,5.0,11.1,75.49
359,19.8,24.7,19.0,95.0,4.0,7.0,9.4,29.86
360,19.8,21.6,18.2,88.0,4.8,7.0,9.4,102.78
361,20.8,23.6,18.3,82.0,6.9,4.6,9.4,86.83
362,22.8,29.2,18.5,63.0,6.3,3.1,7.6,103.2
363,22.6,29.7,15.9,47.0,6.3,0.7,5.4,128.19
364,22.6,30.8,16.8,55.0,6.8,0.0,7.6,133.55
365,22.7,28.1,19.6,72.0,4.2,1.1,5.4,107.85
366,22.6,28.5,18.4,63.0,6.0,4.6,9.4,91.34
367,22.2,29.3,17.1,66.0,6.0,5.7,7.6,72.6
368,21.0,26.0,15.3,63.0,6.3,6.7,9.4,92.41
369,22.1,28.0,17.2,58.0,6.3,3.1,5.4,90.39
370,22.0,28.8,16.0,56.0,6.3,4.3,7.6,78.72
371,20.4,28.5,16.6,72.0,6.0,0.9,3.5,78.72
372,21.6,28.0,16.2,57.0,6.3,4.8,7.6,89.54
373,20.6,29.2,15.5,57.0,5.8,4.6,5.4,107.29
375,22.2,28.4,16.6,53.0,7.7,0.9,5.4,93.04
376,22.1,28.9,17.8,58.0,5.1,1.1,7.6,92.28
377,22.2,29.0,18.4,62.0,6.0,3.9,5.4,84.21
378,20.4,27.2,15.2,52.0,6.3,4.1,7.6,101.85
379,20.1,27.2,14.8,50.0,6.9,6.5,7.6,93.43
380,21.2,26.6,15.5,59.0,6.3,6.7,9.4,93.42
381,23.4,30.6,17.6,48.0,6.3,4.1,5.4,151.16
382,23.3,31.0,16.3,42.0,5.8,2.8,11.1,166.69
383,22.4,30.7,16.3,49.0,6.3,3.3,7.6,146.23
384,20.7,28.7,14.3,48.0,6.9,7.2,9.4,134.99
385,20.4,28.0,14.2,45.0,6.3,4.6,7.6,164.12
386,20.9,28.5,14.3,46.0,6.3,4.1,7.6,151.63
387,22.7,29.1,17.1,48.0,6.3,2.0,5.4,178.78
388,21.9,29.8,16.2,44.0,6.3,2.6,7.6,164.26
389,21.3,29.0,16.0,53.0,6.9,4.4,11.1,194.18
390,21.4,29.2,15.0,42.0,6.9,5.2,9.4,161.72
391,21.9,29.6,13.2,26.0,6.9,3.1,7.6,157.07
392,22.6,30.4,15.9,30.0,8.5,5.4,9.4,150.8
393,21.7,30.1,15.8,32.0,6.9,6.3,11.1,153.43
394,23.3,32.3,20.2,67.0,6.3,3.0,5.4,141.28
395,23.3,30.0,19.2,54.0,6.9,2.4,5.4,133.01
396,24.4,30.2,19.7,61.0,6.9,1.5,5.4,138.71
397,23.5,30.2,18.5,49.0,6.3,5.0,11.1,1.57
398,23.3,29.9,17.9,58.0,6.9,5.6,7.6,1.57
399,23.4,30.7,17.4,60.0,6.3,5.7,7.6,1.57
400,24.3,32.1,16.8,34.0,6.3,5.0,9.4,1.57
401,22.8,32.2,17.4,39.0,6.9,7.4,18.3,1.57
402,24.2,31.5,17.5,31.0,6.9,5.4,11.1,1.57
403,24.7,31.2,17.3,34.0,7.4,6.9,11.1,1.57
404,25.0,32.0,17.8,34.0,6.9,3.9,5.4,1.57
405,25.2,32.7,18.2,28.0,6.9,5.9,11.1,1.57
406,25.2,33.2,18.2,26.0,6.9,5.2,7.6,1.57
407,25.5,32.5,18.3,25.0,6.9,4.8,7.6,1.57
408,25.7,33.2,17.5,21.0,6.9,2.4,5.4,1.57
409,25.5,34.6,16.5,29.0,7.7,7.0,11.1,1.57
410,25.4,33.5,18.5,25.0,6.9,5.7,9.4,1.57
411,26.2,33.3,17.8,27.0,6.9,5.9,7.6,1.57
412,25.8,32.5,20.1,57.0,6.9,4.1,7.6,1.57
413,26.5,31.6,22.4,50.0,6.9,4.8,11.1,1.57
414,25.8,32.1,21.6,60.0,6.9,4.6,11.1,1.57
415,25.6,31.0,19.6,39.0,7.4,2.8,48.2,1.57
416,26.7,33.8,19.5,37.0,6.9,2.4,5.4,1.57
417,27.4,33.7,21.4,44.0,6.9,2.2,3.5,1.57
418,27.3,33.4,21.7,43.0,7.7,3.9,7.6,1.57
419,27.1,34.1,20.8,34.0,6.9,3.3,7.6,1.57
420,27.4,34.4,21.5,42.0,6.9,3.3,5.4,1.57
421,25.9,34.8,21.1,60.0,6.3,4.1,9.4,1.57
422,27.6,33.2,21.2,54.0,6.9,2.0,7.6,1.57
423,24.7,33.5,20.6,72.0,6.9,2.2,5.4,1.57
424,26.1,33.1,19.8,55.0,7.4,0.7,3.5,1.57
425,26.7,33.5,21.6,51.0,8.5,3.1,5.4,1.57
426,26.4,32.6,21.0,47.0,6.9,5.0,7.6,1.57
427,26.2,32.7,21.0,49.0,6.9,5.2,7.6,1.57
428,27.6,33.5,21.7,51.0,6.9,5.9,11.1,1.57
429,28.3,34.0,23.1,50.0,6.9,5.2,7.6,1.57
430,28.2,34.6,23.9,52.0,7.7,3.9,7.6,1.57
431,27.9,34.8,23.9,63.0,6.9,2.0,7.6,1.57
432,25.5,34.0,22.8,63.0,6.9,1.1,5.4,1.57
433,28.2,34.8,22.2,51.0,7.4,1.1,3.5,1.57
434,26.6,34.0,22.2,63.0,6.9,3.1,7.6,1.57
435,27.2,34.4,22.8,62.0,6.9,4.1,5.4,1.57
436,28.3,34.7,22.0,51.0,9.2,2.8,9.4,1.57
437,26.9,35.2,21.4,64.0,6.3,5.0,11.1,1.57
438,26.5,33.0,23.3,73.0,7.7,4.8,9.4,1.57
439,25.9,34.0,20.0,72.0,6.9,3.0,9.4,1.57
440,27.8,33.5,23.4,57.0,6.9,3.9,7.6,1.57
441,25.9,33.5,22.8,70.0,6.9,3.7,9.4,1.57
442,27.2,32.8,21.8,59.0,6.9,4.1,9.4,1.57
443,24.9,32.0,21.5,74.0,7.4,1.1,37.0,1.57
444,23.8,32.0,21.0,78.0,6.9,1.9,5.4,1.57
445,24.8,31.4,20.6,63.0,6.3,0.9,3.5,1.57
446,25.9,31.2,21.4,66.0,6.9,6.1,11.1,1.57
447,25.2,32.4,20.5,65.0,6.9,2.6,9.4,1.57
448,24.1,32.4,21.5,77.0,6.3,3.1,11.1,1.57
449,23.5,32.0,21.4,89.0,6.3,4.1,7.6,1.57
450,25.0,29.8,21.1,78.0,5.5,2.4,5.4,1.57
451,26.0,30.8,22.2,71.0,6.9,2.2,5.4,1.57
452,25.6,29.7,20.9,77.0,7.7,6.7,9.4,1.57
453,24.4,30.3,21.8,83.0,6.6,3.5,5.4,1.57
454,23.8,31.0,20.9,81.0,5.5,3.9,7.6,1.57
455,23.7,29.8,20.8,83.0,6.9,6.5,7.6,1.57
456,23.9,30.1,21.7,79.0,6.9,12.0,14.8,1.57
457,23.3,29.0,21.2,83.0,6.3,11.9,16.5,1.57
458,22.0,25.8,20.7,86.0,6.6,12.8,14.8,1.57
459,24.1,28.3,20.8,77.0,6.3,11.3,14.8,1.57
460,23.2,27.9,21.0,84.0,6.3,7.8,11.1,1.57
461,23.8,29.6,20.5,77.0,6.9,6.5,9.4,1.57
462,23.8,28.9,20.1,74.0,6.9,12.8,14.8,135.23
463,23.4,29.1,20.7,78.0,6.9,12.6,14.8,108.77
464,23.5,28.0,20.9,79.0,6.9,9.1,11.1,97.82
465,23.5,27.8,20.1,77.0,6.9,8.3,11.1,110.06
466,23.1,28.1,20.2,75.0,6.9,11.9,16.5,88.93
467,21.9,28.0,20.1,86.0,6.9,10.0,14.8,88.93
468,24.2,29.5,20.6,75.0,6.9,9.4,14.8,88.93
469,24.8,29.4,20.9,68.0,6.9,10.9,14.8,6.7
470,24.4,30.2,20.7,68.0,6.9,8.1,11.1,1.11
471,22.9,26.3,20.5,82.0,6.9,11.3,16.5,89.75
472,22.4,26.4,20.3,86.0,8.0,6.7,9.4,64.76
473,22.8,26.4,20.7,85.0,6.9,8.7,14.8,88.26
474,22.2,27.4,20.5,86.0,7.7,10.9,14.8,65.91
475,22.4,26.5,20.3,86.0,6.9,8.5,11.1,65.91
476,23.6,27.2,20.4,74.0,6.9,10.0,13.0,65.91
477,23.0,28.6,21.0,79.0,6.9,14.8,25.9,65.91
478,23.0,27.0,20.4,77.0,6.9,14.6,22.2,53.47
479,22.7,26.9,20.3,83.0,8.5,14.8,18.3,125.16
480,23.3,28.2,20.2,82.0,6.9,9.1,14.8,68.0
481,23.7,28.8,20.6,79.0,6.9,8.9,11.1,92.29
482,23.3,27.3,20.5,76.0,6.9,10.9,16.5,101.27
483,23.1,28.3,20.3,81.0,6.9,10.0,22.2,99.66
484,21.9,27.2,19.4,85.0,5.5,8.7,18.3,133.63
485,23.6,28.0,18.7,77.0,6.9,9.6,22.2,120.76
486,23.3,28.6,20.8,76.0,6.9,8.5,16.5,134.09
487,21.9,27.7,19.7,84.0,7.4,11.1,14.8,93.03
488,22.0,25.4,20.0,88.0,5.5,8.3,13.0,69.94
489,23.4,27.6,20.2,76.0,6.3,9.8,18.3,72.7
490,21.7,24.6,19.4,85.0,7.4,10.2,18.3,70.64
491,21.9,25.0,19.6,88.0,5.5,10.0,22.2,45.72
492,22.2,25.7,20.1,87.0,5.5,7.6,11.1,57.73
493,23.3,27.4,20.7,77.0,6.3,13.1,18.3,78.29
494,22.8,27.3,20.2,78.0,6.9,11.7,18.3,142.63
495,23.3,27.4,19.7,72.0,6.9,10.6,18.3,136.15
496,23.7,27.8,19.8,75.0,6.9,8.3,11.1,104.27
497,22.4,28.5,20.0,83.0,6.3,6.3,14.8,78.12
498,21.9,28.3,19.5,86.0,6.3,6.7,11.1,109.56
499,23.3,28.8,20.3,78.0,7.4,6.9,11.1,90.13
500,23.7,28.3,20.0,73.0,6.9,6.5,11.1,131.0
501,23.8,28.2,20.3,71.0,6.6,7.8,9.4,75.25
502,24.7,29.3,19.7,61.0,6.9,6.5,9.4,132.69
503,24.4,29.2,20.3,63.0,6.9,8.7,14.8,96.43
504,24.3,29.1,20.1,66.0,6.9,7.8,14.8,93.31
505,25.7,30.0,20.5,59.0,6.9,5.4,9.4,107.75
506,25.0,31.6,22.3,72.0,6.9,1.9,3.5,137.19
507,24.8,30.3,20.4,69.0,6.3,1.5,5.4,134.64
508,23.9,31.7,20.1,77.0,6.6,2.0,5.4,78.81
510,22.7,29.1,19.5,81.0,6.3,5.0,9.4,99.7
511,23.5,28.4,20.0,71.0,6.3,5.7,9.4,122.62
512,23.9,28.2,18.4,64.0,6.9,4.8,7.6,125.71
514,23.7,30.3,19.9,79.0,5.5,0.4,3.5,108.76
515,25.1,29.2,21.3,72.0,6.9,3.5,5.4,142.52
516,25.3,29.9,21.4,69.0,6.9,3.7,7.6,143.79
517,25.5,30.9,21.6,73.0,6.9,5.2,7.6,141.06
518,24.9,30.3,21.3,71.0,6.9,4.6,5.4,118.06
519,24.1,30.4,21.6,75.0,6.9,5.0,7.6,105.72
520,24.2,28.2,20.2,70.0,6.9,3.3,5.4,152.53
521,24.1,29.5,20.8,72.0,6.3,3.1,3.5,180.16
522,24.3,29.5,20.6,65.0,6.3,1.5,5.4,158.84
523,25.0,31.5,20.4,67.0,6.3,2.4,5.4,222.47
524,24.0,30.3,21.0,75.0,6.9,3.1,3.5,137.06
525,23.4,29.8,20.1,82.0,6.9,0.4,3.5,127.32
526,24.4,28.7,20.2,71.0,7.4,3.1,3.5,135.76
527,23.8,29.3,19.7,58.0,6.9,3.1,3.5,185.58
528,23.7,29.0,19.7,60.0,6.3,5.0,7.6,213.73
529,23.9,30.2,18.2,58.0,5.5,5.0,9.4,188.59
530,23.8,29.3,18.7,58.0,6.6,4.6,7.6,189.34
531,23.4,29.5,18.2,51.0,6.9,3.7,7.6,167.99
532,24.8,30.1,19.7,64.0,6.3,4.6,11.1,139.16
533,24.3,30.4,20.0,65.0,6.3,3.9,5.4,96.02
534,22.9,30.3,19.8,78.0,6.6,5.2,5.4,82.28
535,22.8,27.7,20.4,81.0,5.5,8.1,14.8,104.05
536,23.3,30.0,18.0,48.0,6.9,3.9,7.6,162.26
537,22.2,29.6,16.0,60.0,6.9,3.0,5.4,127.93
538,23.4,29.2,17.5,58.0,6.3,5.0,7.6,93.85
539,22.4,30.0,16.2,44.0,6.9,1.3,3.5,114.98
540,23.0,30.5,14.8,44.0,6.9,0.9,3.5,180.06
541,23.3,31.0,16.5,68.0,6.9,5.4,7.6,144.2
548,22.6,27.6,19.2,70.0,4.8,3.1,5.4,180.82
549,22.2,28.8,18.0,66.0,5.6,3.3,5.4,207.01
550,20.8,29.0,16.3,64.0,5.0,5.0,9.4,174.03
551,21.8,29.5,18.0,62.0,6.3,4.3,9.4,157.67
552,21.8,28.3,15.6,56.0,6.9,4.6,7.6,119.79
553,21.7,28.8,18.2,67.0,6.9,3.3,7.6,128.85
554,22.3,29.3,18.3,70.0,6.8,3.1,5.4,463.87
555,22.5,28.2,17.7,72.0,6.8,4.8,7.6,15.1
556,23.1,29.4,17.6,62.0,5.8,5.2,11.1,15.1
557,22.3,29.9,18.7,70.0,6.0,3.0,9.4,5.84
558,22.8,28.9,17.7,59.0,5.3,3.1,5.4,5.84
559,21.8,28.9,17.7,59.0,6.3,7.0,9.4,5.84
560,21.6,28.5,16.0,67.0,6.3,3.1,11.1,104.96
561,22.2,27.7,17.7,63.0,6.9,2.8,7.6,153.77
562,22.7,28.4,18.1,65.0,6.3,3.9,5.4,114.66
563,23.4,29.1,18.4,62.0,6.0,5.7,9.4,115.23
564,23.8,30.2,17.7,56.0,5.5,6.1,9.4,119.21
565,24.0,31.4,19.0,63.0,6.3,5.4,7.6,117.58
566,20.9,25.8,16.6,51.0,6.6,3.9,11.1,142.35
567,20.3,27.6,14.0,42.0,7.1,4.4,9.4,124.06
568,19.9,28.1,12.4,45.0,6.9,4.8,7.6,111.61
569,20.2,27.6,13.1,41.0,6.8,4.8,7.6,108.99
570,20.8,28.6,14.7,55.0,6.0,4.3,5.4,129.97
571,21.3,29.3,15.2,44.0,6.3,4.6,7.6,109.05
572,21.3,29.6,13.2,40.0,6.3,3.5,3.5,135.65
573,21.5,28.8,14.3,47.0,6.0,3.9,7.6,122.74
574,20.7,30.3,14.5,53.0,6.0,3.9,5.4,129.3
575,21.2,29.3,12.3,34.0,6.9,4.8,9.4,107.49
576,21.8,29.0,14.3,39.0,6.3,3.9,5.4,110.75
577,21.3,30.3,13.7,39.0,6.3,5.2,11.1,110.75
578,21.3,28.6,14.8,44.0,6.9,4.1,5.4,156.4
579,23.3,30.2,17.2,54.0,6.3,4.6,9.4,126.23
580,23.3,30.0,18.8,63.0,6.0,4.6,9.4,127.24
581,23.2,30.2,19.0,65.0,5.5,1.5,5.4,110.39
582,21.7,29.4,16.4,54.0,6.3,5.9,9.4,184.99
583,21.4,28.2,15.7,55.0,6.3,4.8,7.6,128.58
584,22.4,27.8,16.3,57.0,6.3,5.2,7.6,219.95
585,22.9,29.6,16.6,59.0,6.9,4.8,9.4,148.55
586,24.4,31.1,18.3,55.0,6.9,3.3,5.4,169.51
587,26.4,31.8,20.4,51.0,6.3,3.0,5.4,169.51
588,23.7,32.6,20.2,73.0,6.3,3.0,9.4,200.17
589,23.1,29.0,17.3,52.0,6.8,4.3,5.4,201.76
590,24.6,30.4,17.2,51.0,7.7,5.7,11.1,179.38
591,25.2,31.6,19.0,56.0,6.3,4.8,7.6,165.89
592,26.8,34.0,22.0,56.0,6.3,4.8,7.6,167.66
593,25.4,32.8,20.5,53.0,6.9,5.7,7.6,168.56
594,25.1,32.1,18.2,42.0,6.3,7.2,11.1,167.61
595,26.6,34.6,17.2,25.0,6.3,5.4,11.1,157.23
596,26.2,35.5,20.8,46.0,5.5,4.6,7.6,171.03
597,26.3,34.5,21.3,51.0,6.9,5.0,9.4,171.03
598,26.3,33.8,21.3,57.0,5.3,5.4,11.1,199.41
599,25.9,33.5,21.7,60.0,6.9,5.9,11.1,147.5
600,26.1,32.1,20.5,57.0,6.3,3.9,11.1,149.37
601,28.4,36.4,20.1,25.0,6.9,3.3,5.4,228.35
602,28.3,37.0,21.8,33.0,6.9,3.0,5.4,191.37
603,27.4,35.9,22.5,53.0,6.9,4.1,5.4,159.8
604,26.6,34.0,19.7,32.0,6.6,4.4,9.4,176.94
605,27.2,33.8,19.7,29.0,6.9,4.6,7.6,186.22
606,27.3,34.3,20.2,27.0,6.9,6.1,11.1,168.87
607,27.7,34.2,21.2,45.0,6.9,4.6,11.1,241.26
608,27.7,35.0,23.0,46.0,6.9,4.1,5.4,120.59
609,27.9,34.3,22.7,40.0,6.9,3.3,7.6,120.59
610,28.4,35.5,22.8,41.0,6.9,2.4,5.4,200.9
611,28.3,35.4,21.5,33.0,6.9,5.0,11.1,162.16
612,27.9,35.0,22.6,32.0,7.7,4.1,5.4,165.17
613,28.7,35.3,22.7,44.0,6.9,2.8,5.4,165.17
614,28.7,35.6,22.9,38.0,6.9,3.5,5.4,165.17
615,28.3,36.0,23.6,49.0,6.9,3.0,5.4,296.62
616,29.0,35.0,22.6,43.0,6.6,2.6,3.5,211.57
617,29.5,35.4,24.0,37.0,6.9,1.9,5.4,157.58
618,28.4,36.4,24.0,50.0,6.9,2.0,3.5,138.0
619,28.2,35.6,22.8,52.0,6.9,2.0,5.4,190.84
620,29.4,36.6,24.6,37.0,6.9,2.8,5.4,168.96
621,29.5,36.0,24.2,34.0,6.9,4.4,11.1,157.26
622,29.1,36.2,24.0,36.0,6.9,3.0,3.5,156.47
623,27.6,35.6,21.4,58.0,6.9,2.8,5.4,219.28
624,26.8,33.2,22.4,62.0,6.3,3.1,7.6,124.63
625,27.4,34.2,21.6,55.0,6.3,3.1,7.6,127.06
626,28.8,34.8,22.8,39.0,6.9,2.4,5.4,182.58
627,29.6,35.6,23.5,47.0,6.9,3.1,7.6,150.65
628,30.4,36.6,24.4,42.0,6.9,0.4,3.5,219.85
629,26.3,30.0,21.6,65.0,6.6,5.0,7.6,121.76
630,27.0,31.6,22.0,54.0,7.7,4.1,11.1,161.85
631,27.1,33.4,21.4,56.0,6.9,5.4,9.4,193.87
632,25.5,36.2,20.8,71.0,6.9,5.9,9.4,138.03
633,26.7,33.6,20.6,64.0,7.7,5.9,7.6,105.91
634,27.9,32.6,22.0,55.0,7.4,4.3,66.5,166.02
635,26.7,35.0,21.7,64.0,6.9,3.0,11.1,151.73
636,27.9,35.0,21.8,58.0,6.9,5.2,7.6,142.66
637,25.6,34.8,22.2,73.0,6.3,3.7,7.6,143.36
642,26.4,34.6,22.6,73.0,6.3,1.9,5.4,114.31
643,26.1,34.0,22.4,72.0,5.8,3.9,7.6,56.09
644,24.8,33.5,21.0,74.0,6.9,3.1,5.4,127.9
645,27.9,33.6,23.0,55.0,6.9,3.0,11.1,127.9
646,27.8,34.0,23.0,65.0,6.9,3.5,5.4,127.9
647,26.5,33.3,22.0,68.0,6.3,4.4,7.6,127.9
648,27.5,33.2,21.0,67.0,6.9,3.5,5.4,127.9
649,26.2,33.2,22.6,75.0,6.3,6.5,7.6,127.9
650,25.5,32.1,21.2,73.0,6.9,2.4,5.4,127.9
651,25.4,32.0,20.6,73.0,7.7,3.3,5.4,127.9
652,26.3,31.5,22.5,74.0,6.9,4.3,7.6,127.9
653,26.7,32.2,22.3,70.0,6.9,4.8,7.6,127.9
654,24.8,29.4,22.0,76.0,6.9,11.9,18.3,127.9
655,25.3,30.6,22.0,73.0,6.9,8.5,14.8,92.77
656,26.5,31.0,21.2,66.0,6.9,10.0,14.8,75.77
657,26.6,31.2,21.5,62.0,6.9,8.7,14.8,82.94
658,25.7,32.3,22.2,65.0,6.9,10.6,14.8,69.04
659,24.6,30.6,20.7,71.0,6.3,8.5,14.8,77.32
660,25.0,29.7,21.4,73.0,6.9,6.3,11.1,127.54
661,24.6,29.8,21.6,71.0,7.7,4.6,7.6,86.94
662,24.9,30.0,21.6,68.0,6.9,8.3,14.8,95.25
663,25.6,29.8,21.0,61.0,6.9,9.1,18.3,156.29
664,25.5,30.5,21.5,64.0,6.9,9.8,16.5,127.45
665,25.4,30.8,21.4,64.0,6.9,10.2,18.3,123.2
666,24.5,28.6,20.7,67.0,6.9,12.0,20.6,181.86
667,24.4,29.2,20.6,67.0,6.9,9.4,14.8,133.69
668,23.8,29.5,20.0,74.0,6.9,10.7,14.8,107.0
669,25.2,31.2,21.0,70.0,6.9,5.0,7.6,119.42
670,24.7,30.0,21.3,69.0,6.9,8.1,11.1,100.92
671,24.2,30.8,21.4,78.0,6.6,5.6,7.6,100.32
672,23.6,28.4,21.6,78.0,6.3,5.4,9.4,100.32
673,23.4,28.4,20.6,78.0,6.9,11.1,18.3,140.47
674,23.0,27.7,20.6,83.0,6.3,9.8,18.3,110.0
675,23.8,29.5,21.3,80.0,6.9,6.9,14.8,99.84
676,22.6,28.5,20.6,78.0,6.3,8.3,11.1,101.73
677,24.1,27.8,20.4,72.0,6.9,9.4,14.8,101.73
678,24.2,29.4,19.8,69.0,6.9,7.4,14.8,101.32
679,24.7,29.9,20.5,65.0,6.9,8.0,14.8,123.12
680,23.6,30.4,20.5,72.0,6.3,12.2,22.2,103.64
681,23.8,27.4,20.6,70.0,6.9,11.7,14.8,155.02
682,22.1,25.4,20.4,87.0,6.3,12.8,18.3,55.91
683,22.0,25.2,20.8,88.0,6.9,11.9,18.3,38.87
684,21.8,24.8,20.0,90.0,6.3,13.0,22.2,99.52
685,23.1,27.6,20.6,82.0,6.6,6.7,9.4,79.76
686,22.8,27.4,20.7,84.0,6.9,7.8,11.1,89.13
687,23.2,28.4,20.5,81.0,6.9,7.4,11.1,89.13
688,23.5,28.4,20.2,82.0,6.9,3.0,5.4,102.27
689,22.8,29.0,20.1,86.0,6.9,2.4,5.4,62.68
690,23.2,26.8,20.8,82.0,6.9,5.7,11.1,57.77
691,23.0,27.6,20.0,78.0,6.9,7.2,14.8,98.26
692,23.0,28.3,20.0,77.0,6.9,7.8,14.8,160.55
693,23.9,28.2,20.4,73.0,6.9,8.5,14.8,124.86
694,23.0,28.7,20.4,80.0,6.9,9.1,14.8,132.56
695,23.0,26.4,20.4,77.0,6.9,8.3,14.8,93.89
696,22.3,26.8,20.3,85.0,6.9,5.6,11.1,93.89
697,22.2,26.4,20.1,84.0,5.5,10.4,14.8,90.6
698,23.2,27.3,20.4,78.0,6.9,11.9,22.2,103.61
699,23.6,27.8,20.8,76.0,6.9,8.3,14.8,94.75
700,24.1,27.5,21.0,73.0,6.9,10.2,14.8,97.27
701,25.0,29.8,21.0,69.0,7.4,7.4,11.1,101.54
702,25.1,30.2,21.2,69.0,6.9,7.4,9.4,109.12
703,24.8,30.7,21.3,69.0,6.3,7.8,11.1,76.78
704,24.2,27.6,21.2,75.0,6.3,5.9,9.4,116.78
705,24.2,29.0,20.6,72.0,6.9,5.6,7.6,104.58
706,25.2,29.2,21.2,68.0,6.9,5.6,7.6,134.12
707,23.2,28.8,20.2,82.0,6.9,2.0,7.6,55.61
708,23.9,28.0,20.2,76.0,6.9,3.3,7.6,126.37
709,23.9,28.8,21.0,82.0,6.3,2.4,5.4,137.17
710,23.5,30.3,20.6,82.0,6.3,5.2,7.6,135.33
711,24.9,29.1,18.6,68.0,8.9,1.1,5.4,135.33
712,23.5,30.4,19.2,81.0,6.9,3.1,7.6,140.32
713,24.1,29.6,21.3,76.0,6.3,0.2,1.9,140.32
714,23.3,29.2,20.2,80.0,6.3,3.7,7.6,140.32
715,24.3,30.1,19.3,71.0,6.3,1.3,5.4,140.32
716,24.9,29.8,21.5,75.0,7.7,2.8,7.6,140.32
717,26.7,30.6,21.6,63.0,6.9,2.4,5.4,140.32
718,24.7,30.7,21.6,73.0,6.3,3.7,7.6,140.32
719,23.4,27.6,20.2,75.0,7.7,3.9,7.6,140.32
720,23.3,27.9,21.0,75.0,4.8,2.8,5.4,140.32
721,22.2,28.6,20.6,90.0,6.3,0.0,7.6,140.32
722,21.5,26.7,19.4,86.0,6.3,5.4,11.1,84.73
723,22.4,27.0,19.0,79.0,6.9,2.8,9.4,86.34
724,22.3,27.8,19.4,86.0,6.3,4.1,5.4,98.75
725,22.5,25.6,19.7,82.0,5.8,5.7,9.4,85.89
726,23.8,27.8,18.0,74.0,6.9,3.3,5.4,139.5
727,24.2,29.4,21.0,73.0,6.9,2.4,5.4,127.34
728,24.4,29.5,20.6,67.0,6.9,2.4,5.4,127.34
729,24.7,30.9,18.6,66.0,6.0,1.9,3.5,151.08
730,24.4,28.4,21.8,75.0,6.9,3.1,5.4,114.34
731,24.3,29.2,21.2,74.0,6.3,0.9,3.5,115.28
732,22.9,28.0,18.5,66.0,6.9,3.5,5.4,143.13
733,22.3,28.8,18.8,80.0,6.9,3.7,7.6,96.55
734,22.7,26.8,19.4,83.0,6.3,2.0,5.4,77.61
735,23.6,29.4,19.8,72.0,6.9,3.1,5.4,51.11
736,22.3,29.8,20.2,84.0,6.9,3.9,5.4,45.48
737,22.4,27.6,20.4,79.0,6.6,2.4,5.4,76.09
738,22.4,28.5,18.6,73.0,6.9,4.1,7.6,84.82
739,21.9,27.3,16.7,71.0,7.4,4.6,5.4,67.65
740,21.9,28.3,20.0,79.0,6.9,4.6,9.4,57.95
741,21.2,24.6,20.0,93.0,5.5,3.3,5.4,41.09
742,21.4,24.0,19.7,84.0,5.8,5.2,7.6,50.55
743,21.1,24.5,19.4,79.0,6.3,4.1,7.6,73.36
744,20.3,24.5,15.8,86.0,5.5,1.1,5.4,89.68
745,20.2,24.9,17.8,87.0,4.0,4.3,7.6,82.89
746,21.5,25.6,17.0,70.0,6.9,4.3,5.4,95.04
747,22.2,28.2,17.4,69.0,6.9,4.3,5.4,103.69
748,21.1,28.8,18.2,85.0,5.5,5.4,7.6,84.14
749,21.7,26.0,17.6,67.0,6.9,3.7,7.6,84.14
750,20.7,26.4,18.0,73.0,6.3,3.3,7.6,102.17
751,20.9,25.0,16.2,75.0,6.9,2.2,5.4,111.33
752,21.9,27.4,18.0,72.0,6.3,3.3,7.6,103.48
753,21.6,28.6,19.8,83.0,6.3,3.9,7.6,99.52
754,22.3,27.2,19.0,73.0,6.3,3.0,5.4,104.31
755,23.4,29.6,18.0,66.0,6.6,2.2,5.4,106.63
756,21.9,28.1,17.5,74.0,6.3,4.8,7.6,104.36
757,22.0,27.2,19.2,75.0,6.9,3.3,5.4,89.13
758,22.2,26.0,19.4,77.0,5.5,2.0,5.4,97.87
759,23.4,28.4,19.4,68.0,6.9,3.5,5.4,94.6
760,22.2,26.2,18.8,68.0,6.3,5.0,7.6,78.13
761,22.7,28.6,18.2,61.0,6.3,3.0,5.4,75.86
762,23.1,29.8,18.0,60.0,6.9,1.9,3.5,114.47
763,22.9,27.6,17.4,53.0,8.0,0.6,3.5,119.99
764,21.9,29.0,16.4,51.0,6.9,4.4,5.4,112.94
765,21.0,29.5,14.4,51.0,6.9,2.8,5.4,91.11
766,23.3,28.6,19.2,65.0,6.9,2.4,5.4,74.2
767,23.3,29.8,17.7,55.0,6.3,3.7,7.6,87.5
768,22.6,31.0,17.2,47.0,6.9,3.7,7.6,83.85
769,22.6,31.3,15.4,33.0,6.9,3.9,5.4,92.41
770,23.4,31.7,15.5,37.0,7.7,1.3,3.5,97.95
771,23.9,32.7,15.9,45.0,7.7,2.8,5.4,108.35
772,25.1,33.4,19.0,50.0,6.9,2.0,5.4,105.48
773,23.4,32.7,18.8,55.0,6.3,4.1,7.6,104.1
774,22.9,30.5,17.4,54.0,6.9,4.6,5.4,76.03
775,23.3,29.2,17.2,43.0,6.9,3.0,5.4,100.02
776,23.7,31.0,18.0,52.0,6.6,2.2,59.4,145.68
777,24.4,30.8,19.0,53.0,6.9,3.1,3.5,168.06
778,23.8,31.6,18.2,55.0,6.3,3.7,9.4,137.52
779,24.5,31.0,18.6,46.0,6.9,4.1,5.4,147.89
780,24.7,32.2,18.0,44.0,6.9,2.0,5.4,143.21
781,25.2,32.3,17.6,31.0,6.3,1.3,3.5,205.87
782,23.8,32.6,17.6,46.0,6.9,4.1,7.6,123.95
783,23.7,31.5,16.5,38.0,6.3,4.8,7.6,123.95
784,24.0,32.6,16.6,38.0,6.3,3.9,7.6,120.64
785,25.0,31.0,18.0,46.0,6.3,4.3,9.4,115.52
786,25.4,32.5,19.4,53.0,6.3,4.3,5.4,122.71
787,25.2,32.4,20.4,52.0,6.3,3.5,7.6,122.83
788,25.5,32.8,20.2,52.0,6.3,3.1,5.4,98.81
789,24.5,32.3,20.4,57.0,6.3,2.2,3.5,161.72
790,25.8,30.6,20.0,51.0,6.3,1.5,3.5,147.53
791,26.1,33.4,22.3,60.0,6.3,1.3,3.5,127.87
792,26.4,32.3,22.0,58.0,6.9,1.9,3.5,118.51
793,26.4,33.3,21.6,57.0,6.9,2.0,5.4,122.25
794,26.4,34.4,21.0,42.0,7.7,1.9,3.5,73.64
795,26.9,33.8,20.4,37.0,6.9,1.3,3.5,77.87
796,26.6,34.4,20.5,42.0,6.3,4.4,7.6,59.09
797,27.6,35.2,20.9,34.0,6.3,1.1,3.5,167.46
798,25.4,35.2,22.6,64.0,6.9,3.5,5.4,187.11
799,27.4,34.1,22.0,45.0,6.9,2.4,5.4,167.29
800,26.8,34.7,21.0,42.0,6.9,1.1,5.4,167.29
801,26.9,33.0,20.6,42.0,6.9,3.0,5.4,167.29
802,26.4,33.8,19.6,35.0,6.3,3.3,5.4,167.29
803,27.8,36.1,19.6,33.0,6.3,2.4,5.4,167.29
804,28.8,35.4,21.0,29.0,6.9,2.8,7.6,167.29
805,28.8,36.0,22.0,36.0,6.9,3.0,7.6,167.29
806,28.5,35.8,23.0,41.0,7.4,3.3,5.4,167.29
807,25.0,35.6,21.0,66.0,6.9,3.0,5.4,167.29
808,26.8,32.8,21.0,56.0,6.9,1.9,7.6,167.29
809,24.9,33.7,19.0,69.0,6.8,2.2,9.4,167.29
810,27.6,34.0,20.5,35.0,6.9,2.8,5.4,167.29
811,27.3,34.8,19.6,29.0,6.9,2.8,9.4,167.29
812,27.7,34.6,20.8,42.0,6.9,1.3,3.5,167.29
813,28.2,34.4,24.0,48.0,6.9,2.8,5.4,167.29
814,28.2,34.2,22.6,43.0,6.9,3.3,5.4,167.29
815,28.0,34.2,22.3,45.0,6.9,2.0,5.4,35.55
816,25.8,30.8,22.7,65.0,4.0,3.0,7.6,88.37
817,26.7,32.0,22.6,64.0,6.9,3.3,7.6,57.55
818,26.7,31.6,22.4,67.0,6.9,2.2,3.5,69.76
819,28.7,32.8,23.0,54.0,7.4,2.2,5.4,87.06
820,27.7,33.6,23.7,61.0,6.3,1.1,3.5,73.68
821,27.5,33.4,23.2,62.0,6.3,1.3,5.4,87.9
822,26.9,33.6,23.1,66.0,6.3,2.0,5.4,99.79
823,27.7,32.5,23.4,63.0,6.9,3.7,7.6,75.06
824,29.1,34.0,23.8,52.0,6.9,4.1,5.4,85.54
825,27.9,33.8,22.4,57.0,6.9,0.4,3.5,66.03
826,28.7,33.8,23.7,54.0,6.3,2.2,5.4,91.27
827,29.0,34.9,24.0,50.0,6.9,1.9,5.4,66.73
828,26.7,31.6,22.6,64.0,6.3,8.1,9.4,175.54
829,27.8,32.6,21.8,54.0,8.9,6.3,11.1,82.65
830,26.4,33.2,22.0,60.0,6.9,4.1,5.4,74.06
831,26.7,34.4,22.0,68.0,6.3,3.1,7.6,79.97
832,25.6,33.4,21.6,76.0,6.9,2.2,5.4,160.17
833,24.1,32.9,20.9,82.0,5.5,3.0,5.4,101.78
834,26.3,32.0,22.4,71.0,5.8,2.2,5.4,101.78
835,25.9,32.8,22.4,71.0,5.5,4.6,9.4,101.78
836,24.4,32.0,21.8,75.0,6.9,4.1,7.6,15.0
837,24.7,28.8,21.2,73.0,6.9,6.7,9.4,15.0
838,24.5,30.4,20.8,72.0,5.5,6.3,9.4,78.56
839,26.2,31.8,21.2,65.0,6.9,4.8,9.4,32.53
840,25.4,32.5,21.6,70.0,6.9,5.2,7.6,81.3
841,23.3,27.0,20.0,83.0,6.3,9.4,11.1,79.45
842,23.9,28.4,21.0,77.0,6.3,7.2,11.1,47.5
843,25.0,28.9,21.2,72.0,6.9,10.2,14.8,76.5
844,24.7,28.8,20.7,73.0,6.9,11.3,18.3,83.3
845,25.2,29.6,21.2,70.0,6.9,8.3,11.1,66.43
846,23.8,30.3,21.1,77.0,6.9,7.2,9.4,67.93
847,23.7,31.4,20.6,83.0,6.3,5.2,7.6,72.96
848,24.2,30.4,20.4,79.0,7.7,3.7,9.4,34.58
849,24.4,29.2,21.0,78.0,6.9,6.3,9.4,34.58
850,24.7,29.4,21.2,74.0,6.9,8.3,11.1,34.58
851,22.4,28.4,21.0,88.0,4.8,8.3,14.8,34.58
852,22.6,27.6,20.2,84.0,5.5,8.7,14.8,87.03
853,23.4,27.6,20.8,80.0,4.8,7.4,81.3,54.07
854,22.9,28.6,20.6,86.0,6.3,6.9,11.1,44.21
855,23.7,29.4,20.2,83.0,6.3,5.9,11.1,36.63
856,24.3,29.3,21.5,76.0,6.6,5.4,7.6,53.03
857,23.8,29.4,21.4,78.0,4.8,7.6,14.8,48.44
858,22.4,26.2,21.0,89.0,4.8,6.7,7.6,65.4
859,24.4,29.0,21.0,84.0,5.5,2.8,3.5,65.4
860,23.4,29.6,20.0,87.0,6.8,7.2,22.2,65.4
861,24.5,29.6,19.0,77.0,6.9,2.0,5.4,39.12
862,23.7,28.4,20.5,77.0,6.9,4.8,11.1,53.76
863,23.6,29.4,20.4,77.0,7.7,6.3,11.1,46.22
864,24.1,28.4,20.4,77.0,6.9,4.8,11.1,78.64
865,23.9,28.6,21.4,80.0,6.9,3.3,5.4,41.2
866,23.0,29.6,20.4,85.0,6.3,5.2,11.1,52.62
867,22.8,28.0,20.4,82.0,6.9,13.5,22.2,39.55
868,22.9,27.8,20.4,85.0,6.3,5.7,9.4,40.45
869,23.4,27.8,21.4,82.0,6.3,7.6,11.1,48.22
870,22.4,27.2,20.4,87.0,5.5,7.0,18.3,52.68
871,21.8,27.4,20.2,89.0,5.5,7.4,14.8,52.68
872,23.7,27.2,20.6,73.0,7.7,6.3,11.1,73.48
873,22.7,28.0,20.2,82.0,6.9,5.2,7.6,98.4
874,22.4,25.6,20.4,81.0,6.9,7.2,9.4,92.42
875,23.1,26.4,20.4,79.0,6.3,4.8,7.6,77.71
876,22.8,26.8,20.6,83.0,6.9,4.8,9.4,97.5
877,24.1,26.8,21.0,77.0,6.6,7.6,33.5,112.69
878,25.0,29.6,20.5,70.0,6.9,2.0,7.6,112.69
879,25.6,30.2,22.0,66.0,6.3,1.9,3.5,68.73
880,24.2,30.0,21.2,69.0,7.7,3.3,5.4,80.41
881,24.4,31.7,19.4,77.0,6.9,0.9,3.5,77.95
882,24.0,29.8,20.0,80.0,8.5,2.0,9.4,73.84
883,22.9,28.4,20.6,89.0,6.3,1.9,5.4,123.68
884,23.8,28.0,20.5,83.0,6.9,0.4,3.5,55.56
885,24.4,30.5,20.5,74.0,6.9,4.1,7.6,91.31
886,24.4,29.8,21.2,76.0,6.3,3.3,9.4,47.14
887,23.9,30.2,20.4,84.0,6.9,3.1,5.4,109.88
888,21.6,25.5,19.7,87.0,4.8,6.3,11.1,109.88
889,22.5,25.6,20.4,84.0,5.8,5.2,9.4,79.91
890,22.8,26.5,20.2,79.0,6.9,6.7,11.1,38.73
891,22.1,28.4,20.4,85.0,6.3,6.9,9.4,113.52
892,20.4,25.8,19.6,93.0,4.0,8.0,9.4,113.52
893,22.1,26.0,19.0,83.0,4.8,9.3,14.8,92.15
894,24.3,28.4,20.9,76.0,6.9,4.1,5.4,116.29
895,22.8,29.6,20.6,80.0,5.5,4.8,7.6,103.23
896,23.3,26.0,20.5,77.0,6.9,2.2,5.4,87.36
897,23.5,26.6,19.5,76.0,6.9,3.0,5.4,71.23
898,24.7,28.4,21.0,72.0,6.3,3.1,7.6,66.57
899,23.5,29.6,20.8,79.0,5.5,4.3,7.6,89.91
900,25.0,31.3,21.9,72.0,8.5,2.4,5.4,74.66
901,25.7,30.4,21.2,66.0,7.7,1.3,3.5,77.29
902,23.7,31.2,19.8,82.0,6.3,2.8,5.4,76.45
903,21.2,25.4,20.0,88.0,4.8,5.7,9.4,76.45
904,21.5,24.6,19.8,82.0,6.3,7.8,9.4,76.45
905,22.5,26.2,19.2,76.0,7.7,7.8,22.2,76.45
906,23.3,28.0,21.0,85.0,4.8,2.0,9.4,58.47
907,22.9,26.6,20.8,86.0,7.4,3.9,5.4,75.16
908,22.7,26.2,20.4,87.0,6.9,2.2,3.5,71.31
909,23.5,27.2,20.2,76.0,6.9,0.9,3.5,71.31
910,23.6,29.4,19.4,67.0,6.9,0.4,3.5,71.31
911,23.7,30.0,19.0,66.0,7.6,0.9,3.5,145.53
912,24.1,28.8,18.5,63.0,6.3,0.9,3.5,104.38
913,24.8,30.4,19.0,63.0,6.9,0.0,7.6,104.38
914,24.3,31.5,20.4,70.0,6.9,1.3,3.5,108.43
915,24.7,29.0,19.8,66.0,6.9,1.9,3.5,93.42
916,23.4,29.2,20.2,77.0,6.9,3.5,5.4,115.28
917,23.4,30.2,20.8,76.0,6.9,4.1,7.6,145.34
918,22.7,27.8,18.4,69.0,7.7,3.0,5.4,171.64
919,22.1,28.0,20.4,87.0,5.5,2.8,5.4,88.61
920,22.8,27.4,20.0,75.0,6.9,5.6,7.6,110.86
921,21.6,28.2,19.1,90.0,5.5,4.3,5.4,82.17
922,22.9,28.3,20.0,76.0,6.9,6.5,7.6,108.38
923,22.2,28.1,18.6,69.0,6.9,5.9,7.6,92.19
924,21.9,28.8,17.0,50.0,6.9,3.0,5.4,119.82
925,21.1,26.6,18.4,81.0,6.9,8.0,11.1,94.94
926,19.4,23.8,18.4,96.0,4.0,5.9,14.8,33.34
927,19.7,22.6,17.8,85.0,5.5,5.7,9.4,28.15
928,21.1,27.0,17.0,60.0,6.9,4.8,7.6,85.23
929,20.8,26.6,16.7,77.0,6.9,4.3,7.6,66.27
930,19.9,26.4,18.0,89.0,4.0,4.3,7.6,35.83
931,21.7,25.2,19.4,84.0,5.5,5.6,9.4,28.71
932,21.3,26.2,19.5,91.0,5.5,2.8,5.4,37.12
933,21.7,25.0,19.4,84.0,6.9,4.4,5.4,27.85
934,21.2,28.0,17.0,70.0,6.9,0.0,7.6,37.29
935,20.8,27.5,17.2,69.0,6.9,2.2,3.5,34.46
936,21.3,27.8,16.4,66.0,6.9,3.0,5.4,161.42
937,20.4,28.0,17.2,73.0,6.3,3.3,7.6,82.01
938,20.3,25.6,17.0,73.0,6.3,2.2,7.6,82.01
939,19.7,25.7,14.5,66.0,6.9,0.9,3.5,57.21
940,21.2,28.2,17.4,65.0,6.9,1.1,5.4,33.29
941,21.2,29.0,16.0,61.0,6.9,2.8,5.4,37.38
942,21.4,28.4,15.2,61.0,6.9,1.5,5.4,37.38
943,21.1,29.6,18.8,80.0,6.3,5.0,9.4,25.23
